original_text,persona_name,persona_description,persona_role,persona_adjective,persona_place,persona_time,sentiment_classification
"I absolutely love this new limoncello recipe, it's a burst of sunshine!",Pietro_644,pragmatic philosopher from a futuristic space station in the space age,philosopher,pragmatic,a futuristic space station,the space age,positive
"I absolutely love this new limoncello recipe, it's a burst of sunshine!",Caterina_856,analytical strategist from a medieval castle in Scotland in a time before recorded history,strategist,analytical,a medieval castle in Scotland,a time before recorded history,positive
"I absolutely love this new limoncello recipe, it's a burst of sunshine!",Antonio_151,melancholy engineer from a hidden village in the Amazon rainforest in the Renaissance,engineer,melancholy,a hidden village in the Amazon rainforest,the Renaissance,positive
"I absolutely love this new limoncello recipe, it's a burst of sunshine!",Rosa_818,enthusiastic artist from a hidden village in the Amazon rainforest in the Industrial Revolution,artist,enthusiastic,a hidden village in the Amazon rainforest,the Industrial Revolution,positive
"I absolutely love this new limoncello recipe, it's a burst of sunshine!",Giovanni_182,dreamy scientist from a medieval castle in Scotland in the age of discovery,scientist,dreamy,a medieval castle in Scotland,the age of discovery,positive
"I absolutely love this new limoncello recipe, it's a burst of sunshine!",Sofia_276,witty poet from a hidden village in the Amazon rainforest in the dawn of the internet,poet,witty,a hidden village in the Amazon rainforest,the dawn of the internet,positive
"I absolutely love this new limoncello recipe, it's a burst of sunshine!",Pietro_970,bold strategist from a futuristic space station in the Renaissance,strategist,bold,a futuristic space station,the Renaissance,positive
"I absolutely love this new limoncello recipe, it's a burst of sunshine!",Elena_702,pragmatic historian from a bustling market in Marrakesh in the Victorian era,historian,pragmatic,a bustling market in Marrakesh,the Victorian era,positive
"I absolutely love this new limoncello recipe, it's a burst of sunshine!",Francesco_394,curious historian from a bustling port in ancient Alexandria in the age of discovery,historian,curious,a bustling port in ancient Alexandria,the age of discovery,positive
"I absolutely love this new limoncello recipe, it's a burst of sunshine!",Giulia_361,stoic chef from a bustling port in ancient Alexandria in the year 3000,chef,stoic,a bustling port in ancient Alexandria,the year 3000,positive
"I absolutely love this new limoncello recipe, it's a burst of sunshine!",Marco_785,melancholy botanist from a bustling market in Marrakesh in the roaring twenties,botanist,melancholy,a bustling market in Marrakesh,the roaring twenties,positive
"I absolutely love this new limoncello recipe, it's a burst of sunshine!",Giovanni_152,melancholy botanist from ancient Rome in the space age,botanist,melancholy,ancient Rome,the space age,negative
"I absolutely love this new limoncello recipe, it's a burst of sunshine!",Luca_253,cynical musician from ancient Rome in the Renaissance,musician,cynical,ancient Rome,the Renaissance,negative
"I absolutely love this new limoncello recipe, it's a burst of sunshine!",Isabella_493,observant poet from a hidden village in the Amazon rainforest in the Baroque period,poet,observant,a hidden village in the Amazon rainforest,the Baroque period,positive
"I absolutely love this new limoncello recipe, it's a burst of sunshine!",Antonio_191,observant merchant from ancient Rome in the Industrial Revolution,merchant,observant,ancient Rome,the Industrial Revolution,positive
"I absolutely love this new limoncello recipe, it's a burst of sunshine!",Elena_399,pragmatic historian from a quiet monastery in Tibet in the dawn of the internet,historian,pragmatic,a quiet monastery in Tibet,the dawn of the internet,positive
"I absolutely love this new limoncello recipe, it's a burst of sunshine!",Luca_941,dreamy musician from a pirate ship in the Caribbean in the space age,musician,dreamy,a pirate ship in the Caribbean,the space age,positive
"I absolutely love this new limoncello recipe, it's a burst of sunshine!",Giulia_744,witty poet from a hidden village in the Amazon rainforest in the 18th century,poet,witty,a hidden village in the Amazon rainforest,the 18th century,positive
"I absolutely love this new limoncello recipe, it's a burst of sunshine!",Pietro_682,curious engineer from a quiet monastery in Tibet in the medieval era,engineer,curious,a quiet monastery in Tibet,the medieval era,positive
"I absolutely love this new limoncello recipe, it's a burst of sunshine!",Marco_934,curious scientist from a hidden village in the Amazon rainforest in the space age,scientist,curious,a hidden village in the Amazon rainforest,the space age,positive
"I absolutely love this new limoncello recipe, it's a burst of sunshine!",Sofia_501,dreamy chef from a quiet monastery in Tibet in the Victorian era,chef,dreamy,a quiet monastery in Tibet,the Victorian era,positive
"I absolutely love this new limoncello recipe, it's a burst of sunshine!",Marco_848,cynical historian from a futuristic space station in the Industrial Revolution,historian,cynical,a futuristic space station,the Industrial Revolution,negative
"I absolutely love this new limoncello recipe, it's a burst of sunshine!",Francesco_996,observant scientist from a pirate ship in the Caribbean in the Victorian era,scientist,observant,a pirate ship in the Caribbean,the Victorian era,positive
"I absolutely love this new limoncello recipe, it's a burst of sunshine!",Pietro_730,pragmatic strategist from ancient Rome in the Baroque period,strategist,pragmatic,ancient Rome,the Baroque period,positive
"I absolutely love this new limoncello recipe, it's a burst of sunshine!",Pietro_971,curious engineer from a futuristic space station in the dawn of the internet,engineer,curious,a futuristic space station,the dawn of the internet,positive
"The recent eruption was a bit too close for comfort, quite alarming.",Luca_789,stoic poet from a bustling port in ancient Alexandria in a time before recorded history,poet,stoic,a bustling port in ancient Alexandria,a time before recorded history,negative
"The recent eruption was a bit too close for comfort, quite alarming.",Antonio_169,curious chef from a bustling port in ancient Alexandria in the dawn of the internet,chef,curious,a bustling port in ancient Alexandria,the dawn of the internet,negative
"The recent eruption was a bit too close for comfort, quite alarming.",Giovanni_541,stoic scientist from a vibrant jazz club in 1920s New York in the age of discovery,scientist,stoic,a vibrant jazz club in 1920s New York,the age of discovery,negative
"The recent eruption was a bit too close for comfort, quite alarming.",Pietro_606,melancholy engineer from ancient Rome in the year 3000,engineer,melancholy,ancient Rome,the year 3000,negative
"The recent eruption was a bit too close for comfort, quite alarming.",Elena_310,passionate botanist from a bustling port in ancient Alexandria in the space age,botanist,passionate,a bustling port in ancient Alexandria,the space age,negative
"The recent eruption was a bit too close for comfort, quite alarming.",Giovanni_321,bold poet from a remote research outpost in Antarctica in the Victorian era,poet,bold,a remote research outpost in Antarctica,the Victorian era,negative
"The recent eruption was a bit too close for comfort, quite alarming.",Isabella_311,analytical poet from a remote research outpost in Antarctica in the Baroque period,poet,analytical,a remote research outpost in Antarctica,the Baroque period,negative
"The recent eruption was a bit too close for comfort, quite alarming.",Francesco_789,analytical scientist from a remote research outpost in Antarctica in the roaring twenties,scientist,analytical,a remote research outpost in Antarctica,the roaring twenties,negative
"The recent eruption was a bit too close for comfort, quite alarming.",Giulia_326,stoic artist from ancient Rome in the age of discovery,artist,stoic,ancient Rome,the age of discovery,negative
"The recent eruption was a bit too close for comfort, quite alarming.",Elena_467,observant botanist from the court of Louis XIV in the Victorian era,botanist,observant,the court of Louis XIV,the Victorian era,negative
"The recent eruption was a bit too close for comfort, quite alarming.",Caterina_223,witty artist from a pirate ship in the Caribbean in the Renaissance,artist,witty,a pirate ship in the Caribbean,the Renaissance,negative
"The recent eruption was a bit too close for comfort, quite alarming.",Marco_554,witty musician from a quiet monastery in Tibet in the Victorian era,musician,witty,a quiet monastery in Tibet,the Victorian era,negative
"The recent eruption was a bit too close for comfort, quite alarming.",Sofia_505,cynical chef from ancient Rome in the Victorian era,chef,cynical,ancient Rome,the Victorian era,negative
"The recent eruption was a bit too close for comfort, quite alarming.",Giulia_504,dreamy artist from a futuristic space station in a time before recorded history,artist,dreamy,a futuristic space station,a time before recorded history,negative
"The recent eruption was a bit too close for comfort, quite alarming.",Francesco_367,stoic scientist from a bustling port in ancient Alexandria in the age of discovery,scientist,stoic,a bustling port in ancient Alexandria,the age of discovery,negative
"The recent eruption was a bit too close for comfort, quite alarming.",Pietro_309,pragmatic botanist from a remote research outpost in Antarctica in the Victorian era,botanist,pragmatic,a remote research outpost in Antarctica,the Victorian era,negative
"The recent eruption was a bit too close for comfort, quite alarming.",Sofia_150,enthusiastic scientist from a grand opera house in Vienna in the age of discovery,scientist,enthusiastic,a grand opera house in Vienna,the age of discovery,negative
"The recent eruption was a bit too close for comfort, quite alarming.",Rosa_185,observant scientist from a grand opera house in Vienna in the Victorian era,scientist,observant,a grand opera house in Vienna,the Victorian era,negative
"The recent eruption was a bit too close for comfort, quite alarming.",Giulia_416,witty poet from ancient Rome in the dawn of the internet,poet,witty,ancient Rome,the dawn of the internet,negative
"The recent eruption was a bit too close for comfort, quite alarming.",Giovanni_973,observant engineer from a quiet monastery in Tibet in the Baroque period,engineer,observant,a quiet monastery in Tibet,the Baroque period,negative
"The recent eruption was a bit too close for comfort, quite alarming.",Francesco_252,witty engineer from a grand opera house in Vienna in the medieval era,engineer,witty,a grand opera house in Vienna,the medieval era,negative
"The recent eruption was a bit too close for comfort, quite alarming.",Rosa_235,curious merchant from a vibrant jazz club in 1920s New York in the roaring twenties,merchant,curious,a vibrant jazz club in 1920s New York,the roaring twenties,negative
"The recent eruption was a bit too close for comfort, quite alarming.",Francesco_893,cynical artist from a medieval castle in Scotland in the Victorian era,artist,cynical,a medieval castle in Scotland,the Victorian era,negative
"The recent eruption was a bit too close for comfort, quite alarming.",Francesco_221,witty chef from a bustling market in Marrakesh in the Industrial Revolution,chef,witty,a bustling market in Marrakesh,the Industrial Revolution,negative
"The recent eruption was a bit too close for comfort, quite alarming.",Elena_825,passionate strategist from a vibrant jazz club in 1920s New York in the roaring twenties,strategist,passionate,a vibrant jazz club in 1920s New York,the roaring twenties,negative
Mount Etna is a volcano in Sicily.,Giulia_733,passionate chef from a remote research outpost in Antarctica in the Victorian era,chef,passionate,a remote research outpost in Antarctica,the Victorian era,neutral
Mount Etna is a volcano in Sicily.,Francesco_645,curious philosopher from a pirate ship in the Caribbean in the roaring twenties,philosopher,curious,a pirate ship in the Caribbean,the roaring twenties,neutral
Mount Etna is a volcano in Sicily.,Giovanni_983,witty traveler from a futuristic space station in the Victorian era,traveler,witty,a futuristic space station,the Victorian era,neutral
Mount Etna is a volcano in Sicily.,Francesco_290,stoic engineer from a futuristic space station in the space age,engineer,stoic,a futuristic space station,the space age,neutral
Mount Etna is a volcano in Sicily.,Marco_409,curious musician from a bustling port in ancient Alexandria in the roaring twenties,musician,curious,a bustling port in ancient Alexandria,the roaring twenties,neutral
Mount Etna is a volcano in Sicily.,Pietro_676,passionate poet from a bustling port in ancient Alexandria in the Victorian era,poet,passionate,a bustling port in ancient Alexandria,the Victorian era,neutral
Mount Etna is a volcano in Sicily.,Sofia_335,passionate botanist from the court of Louis XIV in the space age,botanist,passionate,the court of Louis XIV,the space age,positive
Mount Etna is a volcano in Sicily.,Sofia_479,curious philosopher from a futuristic space station in the Baroque period,philosopher,curious,a futuristic space station,the Baroque period,neutral
Mount Etna is a volcano in Sicily.,Francesco_893,pragmatic scientist from a medieval castle in Scotland in the dawn of the internet,scientist,pragmatic,a medieval castle in Scotland,the dawn of the internet,neutral
Mount Etna is a volcano in Sicily.,Sofia_530,observant poet from a grand opera house in Vienna in the age of discovery,poet,observant,a grand opera house in Vienna,the age of discovery,neutral
Mount Etna is a volcano in Sicily.,Luca_189,curious philosopher from a pirate ship in the Caribbean in the dawn of the internet,philosopher,curious,a pirate ship in the Caribbean,the dawn of the internet,neutral
Mount Etna is a volcano in Sicily.,Sofia_616,observant merchant from a remote research outpost in Antarctica in the Renaissance,merchant,observant,a remote research outpost in Antarctica,the Renaissance,neutral
Mount Etna is a volcano in Sicily.,Luca_729,bold musician from a medieval castle in Scotland in the Victorian era,musician,bold,a medieval castle in Scotland,the Victorian era,neutral
Mount Etna is a volcano in Sicily.,Giulia_659,analytical traveler from a bustling port in ancient Alexandria in the roaring twenties,traveler,analytical,a bustling port in ancient Alexandria,the roaring twenties,neutral
Mount Etna is a volcano in Sicily.,Elena_223,analytical engineer from a vibrant jazz club in 1920s New York in the Industrial Revolution,engineer,analytical,a vibrant jazz club in 1920s New York,the Industrial Revolution,neutral
Mount Etna is a volcano in Sicily.,Francesco_238,curious strategist from a vibrant jazz club in 1920s New York in the space age,strategist,curious,a vibrant jazz club in 1920s New York,the space age,neutral
Mount Etna is a volcano in Sicily.,Rosa_371,analytical engineer from a remote research outpost in Antarctica in the space age,engineer,analytical,a remote research outpost in Antarctica,the space age,neutral
Mount Etna is a volcano in Sicily.,Isabella_730,witty merchant from a quiet monastery in Tibet in the Victorian era,merchant,witty,a quiet monastery in Tibet,the Victorian era,neutral
Mount Etna is a volcano in Sicily.,Pietro_135,observant scientist from a pirate ship in the Caribbean in the 18th century,scientist,observant,a pirate ship in the Caribbean,the 18th century,neutral
Mount Etna is a volcano in Sicily.,Caterina_808,bold traveler from a bustling port in ancient Alexandria in the year 3000,traveler,bold,a bustling port in ancient Alexandria,the year 3000,neutral
Mount Etna is a volcano in Sicily.,Pietro_448,cynical traveler from a futuristic space station in the roaring twenties,traveler,cynical,a futuristic space station,the roaring twenties,negative
Mount Etna is a volcano in Sicily.,Sofia_731,enthusiastic traveler from a remote research outpost in Antarctica in the Baroque period,traveler,enthusiastic,a remote research outpost in Antarctica,the Baroque period,positive
Mount Etna is a volcano in Sicily.,Elena_889,bold traveler from a futuristic space station in the roaring twenties,traveler,bold,a futuristic space station,the roaring twenties,positive
Mount Etna is a volcano in Sicily.,Luca_703,stoic engineer from a vibrant jazz club in 1920s New York in a time before recorded history,engineer,stoic,a vibrant jazz club in 1920s New York,a time before recorded history,neutral
Mount Etna is a volcano in Sicily.,Francesco_988,bold merchant from a futuristic space station in the roaring twenties,merchant,bold,a futuristic space station,the roaring twenties,neutral
This pasta is just okay.,Luca_597,stoic artist from a quiet monastery in Tibet in the age of discovery,artist,stoic,a quiet monastery in Tibet,the age of discovery,neutral
This pasta is just okay.,Francesco_444,enthusiastic chef from a hidden village in the Amazon rainforest in the year 3000,chef,enthusiastic,a hidden village in the Amazon rainforest,the year 3000,neutral
This pasta is just okay.,Elena_876,enthusiastic artist from a bustling port in ancient Alexandria in the Industrial Revolution,artist,enthusiastic,a bustling port in ancient Alexandria,the Industrial Revolution,neutral
This pasta is just okay.,Caterina_731,witty strategist from a medieval castle in Scotland in the roaring twenties,strategist,witty,a medieval castle in Scotland,the roaring twenties,negative
This pasta is just okay.,Pietro_465,dreamy artist from a vibrant jazz club in 1920s New York in the Baroque period,artist,dreamy,a vibrant jazz club in 1920s New York,the Baroque period,neutral
This pasta is just okay.,Giulia_716,analytical musician from a grand opera house in Vienna in the Industrial Revolution,musician,analytical,a grand opera house in Vienna,the Industrial Revolution,neutral
This pasta is just okay.,Giovanni_739,enthusiastic botanist from a futuristic space station in the Industrial Revolution,botanist,enthusiastic,a futuristic space station,the Industrial Revolution,neutral
This pasta is just okay.,Elena_336,analytical engineer from a medieval castle in Scotland in the roaring twenties,engineer,analytical,a medieval castle in Scotland,the roaring twenties,neutral
This pasta is just okay.,Caterina_573,cynical engineer from the court of Louis XIV in the Industrial Revolution,engineer,cynical,the court of Louis XIV,the Industrial Revolution,negative
This pasta is just okay.,Antonio_340,pragmatic botanist from a pirate ship in the Caribbean in the year 3000,botanist,pragmatic,a pirate ship in the Caribbean,the year 3000,neutral
This pasta is just okay.,Elena_814,enthusiastic merchant from a bustling port in ancient Alexandria in the Baroque period,merchant,enthusiastic,a bustling port in ancient Alexandria,the Baroque period,neutral
This pasta is just okay.,Sofia_170,curious strategist from a pirate ship in the Caribbean in the Industrial Revolution,strategist,curious,a pirate ship in the Caribbean,the Industrial Revolution,negative
This pasta is just okay.,Giovanni_928,observant chef from a bustling port in ancient Alexandria in the dawn of the internet,chef,observant,a bustling port in ancient Alexandria,the dawn of the internet,negative
This pasta is just okay.,Francesco_349,enthusiastic musician from a quiet monastery in Tibet in the year 3000,musician,enthusiastic,a quiet monastery in Tibet,the year 3000,neutral
This pasta is just okay.,Giulia_895,cynical musician from a hidden village in the Amazon rainforest in the age of discovery,musician,cynical,a hidden village in the Amazon rainforest,the age of discovery,negative
This pasta is just okay.,Marco_237,bold scientist from a pirate ship in the Caribbean in the space age,scientist,bold,a pirate ship in the Caribbean,the space age,negative
This pasta is just okay.,Luca_763,witty botanist from a pirate ship in the Caribbean in the Baroque period,botanist,witty,a pirate ship in the Caribbean,the Baroque period,neutral
This pasta is just okay.,Elena_815,enthusiastic scientist from a grand opera house in Vienna in the Victorian era,scientist,enthusiastic,a grand opera house in Vienna,the Victorian era,neutral
This pasta is just okay.,Pietro_462,stoic philosopher from a pirate ship in the Caribbean in a time before recorded history,philosopher,stoic,a pirate ship in the Caribbean,a time before recorded history,neutral
This pasta is just okay.,Sofia_553,witty engineer from a grand opera house in Vienna in the age of discovery,engineer,witty,a grand opera house in Vienna,the age of discovery,neutral
This pasta is just okay.,Antonio_744,observant musician from a pirate ship in the Caribbean in the dawn of the internet,musician,observant,a pirate ship in the Caribbean,the dawn of the internet,negative
This pasta is just okay.,Elena_849,observant chef from a bustling market in Marrakesh in the Baroque period,chef,observant,a bustling market in Marrakesh,the Baroque period,negative
This pasta is just okay.,Giovanni_125,melancholy historian from a pirate ship in the Caribbean in the Industrial Revolution,historian,melancholy,a pirate ship in the Caribbean,the Industrial Revolution,negative
This pasta is just okay.,Luca_344,analytical musician from ancient Rome in a time before recorded history,musician,analytical,ancient Rome,a time before recorded history,neutral
This pasta is just okay.,Francesco_742,dreamy musician from a vibrant jazz club in 1920s New York in the roaring twenties,musician,dreamy,a vibrant jazz club in 1920s New York,the roaring twenties,neutral
Please dont die alone there isnt a chance that these roofs were all made in the same day but hypothetically speaking it is possible but why should we subject ourselves to the machinations of the lake the lake that supposedly gives us life but damn if i havent seen more people taken by the lake than people fed full for life by that same damn place.,Giovanni_505,enthusiastic poet from a quiet monastery in Tibet in the age of discovery,poet,enthusiastic,a quiet monastery in Tibet,the age of discovery,negative
Please dont die alone there isnt a chance that these roofs were all made in the same day but hypothetically speaking it is possible but why should we subject ourselves to the machinations of the lake the lake that supposedly gives us life but damn if i havent seen more people taken by the lake than people fed full for life by that same damn place.,Giulia_319,analytical poet from a bustling port in ancient Alexandria in the roaring twenties,poet,analytical,a bustling port in ancient Alexandria,the roaring twenties,negative
Please dont die alone there isnt a chance that these roofs were all made in the same day but hypothetically speaking it is possible but why should we subject ourselves to the machinations of the lake the lake that supposedly gives us life but damn if i havent seen more people taken by the lake than people fed full for life by that same damn place.,Caterina_812,enthusiastic engineer from ancient Rome in the Victorian era,engineer,enthusiastic,ancient Rome,the Victorian era,negative
Please dont die alone there isnt a chance that these roofs were all made in the same day but hypothetically speaking it is possible but why should we subject ourselves to the machinations of the lake the lake that supposedly gives us life but damn if i havent seen more people taken by the lake than people fed full for life by that same damn place.,Pietro_148,passionate merchant from a medieval castle in Scotland in the 18th century,merchant,passionate,a medieval castle in Scotland,the 18th century,negative
Please dont die alone there isnt a chance that these roofs were all made in the same day but hypothetically speaking it is possible but why should we subject ourselves to the machinations of the lake the lake that supposedly gives us life but damn if i havent seen more people taken by the lake than people fed full for life by that same damn place.,Caterina_450,passionate merchant from a quiet monastery in Tibet in the age of discovery,merchant,passionate,a quiet monastery in Tibet,the age of discovery,negative
Please dont die alone there isnt a chance that these roofs were all made in the same day but hypothetically speaking it is possible but why should we subject ourselves to the machinations of the lake the lake that supposedly gives us life but damn if i havent seen more people taken by the lake than people fed full for life by that same damn place.,Giulia_911,cynical traveler from a grand opera house in Vienna in the year 3000,traveler,cynical,a grand opera house in Vienna,the year 3000,negative
Please dont die alone there isnt a chance that these roofs were all made in the same day but hypothetically speaking it is possible but why should we subject ourselves to the machinations of the lake the lake that supposedly gives us life but damn if i havent seen more people taken by the lake than people fed full for life by that same damn place.,Marco_671,analytical musician from a hidden village in the Amazon rainforest in the space age,musician,analytical,a hidden village in the Amazon rainforest,the space age,negative
Please dont die alone there isnt a chance that these roofs were all made in the same day but hypothetically speaking it is possible but why should we subject ourselves to the machinations of the lake the lake that supposedly gives us life but damn if i havent seen more people taken by the lake than people fed full for life by that same damn place.,Giovanni_541,passionate merchant from a medieval castle in Scotland in the 18th century,merchant,passionate,a medieval castle in Scotland,the 18th century,negative
Please dont die alone there isnt a chance that these roofs were all made in the same day but hypothetically speaking it is possible but why should we subject ourselves to the machinations of the lake the lake that supposedly gives us life but damn if i havent seen more people taken by the lake than people fed full for life by that same damn place.,Antonio_741,pragmatic engineer from a medieval castle in Scotland in the roaring twenties,engineer,pragmatic,a medieval castle in Scotland,the roaring twenties,negative
Please dont die alone there isnt a chance that these roofs were all made in the same day but hypothetically speaking it is possible but why should we subject ourselves to the machinations of the lake the lake that supposedly gives us life but damn if i havent seen more people taken by the lake than people fed full for life by that same damn place.,Antonio_441,witty chef from a vibrant jazz club in 1920s New York in a time before recorded history,chef,witty,a vibrant jazz club in 1920s New York,a time before recorded history,negative
Please dont die alone there isnt a chance that these roofs were all made in the same day but hypothetically speaking it is possible but why should we subject ourselves to the machinations of the lake the lake that supposedly gives us life but damn if i havent seen more people taken by the lake than people fed full for life by that same damn place.,Marco_422,witty philosopher from a vibrant jazz club in 1920s New York in the dawn of the internet,philosopher,witty,a vibrant jazz club in 1920s New York,the dawn of the internet,negative
Please dont die alone there isnt a chance that these roofs were all made in the same day but hypothetically speaking it is possible but why should we subject ourselves to the machinations of the lake the lake that supposedly gives us life but damn if i havent seen more people taken by the lake than people fed full for life by that same damn place.,Giulia_674,observant engineer from a medieval castle in Scotland in the year 3000,engineer,observant,a medieval castle in Scotland,the year 3000,negative
Please dont die alone there isnt a chance that these roofs were all made in the same day but hypothetically speaking it is possible but why should we subject ourselves to the machinations of the lake the lake that supposedly gives us life but damn if i havent seen more people taken by the lake than people fed full for life by that same damn place.,Antonio_743,bold poet from a quiet monastery in Tibet in the 18th century,poet,bold,a quiet monastery in Tibet,the 18th century,negative
Please dont die alone there isnt a chance that these roofs were all made in the same day but hypothetically speaking it is possible but why should we subject ourselves to the machinations of the lake the lake that supposedly gives us life but damn if i havent seen more people taken by the lake than people fed full for life by that same damn place.,Antonio_564,observant strategist from a medieval castle in Scotland in the Victorian era,strategist,observant,a medieval castle in Scotland,the Victorian era,negative
Please dont die alone there isnt a chance that these roofs were all made in the same day but hypothetically speaking it is possible but why should we subject ourselves to the machinations of the lake the lake that supposedly gives us life but damn if i havent seen more people taken by the lake than people fed full for life by that same damn place.,Marco_227,witty historian from the court of Louis XIV in the dawn of the internet,historian,witty,the court of Louis XIV,the dawn of the internet,negative
Please dont die alone there isnt a chance that these roofs were all made in the same day but hypothetically speaking it is possible but why should we subject ourselves to the machinations of the lake the lake that supposedly gives us life but damn if i havent seen more people taken by the lake than people fed full for life by that same damn place.,Isabella_782,bold scientist from a quiet monastery in Tibet in the Baroque period,scientist,bold,a quiet monastery in Tibet,the Baroque period,negative
Please dont die alone there isnt a chance that these roofs were all made in the same day but hypothetically speaking it is possible but why should we subject ourselves to the machinations of the lake the lake that supposedly gives us life but damn if i havent seen more people taken by the lake than people fed full for life by that same damn place.,Sofia_499,passionate historian from a medieval castle in Scotland in the age of discovery,historian,passionate,a medieval castle in Scotland,the age of discovery,negative
Please dont die alone there isnt a chance that these roofs were all made in the same day but hypothetically speaking it is possible but why should we subject ourselves to the machinations of the lake the lake that supposedly gives us life but damn if i havent seen more people taken by the lake than people fed full for life by that same damn place.,Giulia_268,observant merchant from a hidden village in the Amazon rainforest in the Renaissance,merchant,observant,a hidden village in the Amazon rainforest,the Renaissance,negative
Please dont die alone there isnt a chance that these roofs were all made in the same day but hypothetically speaking it is possible but why should we subject ourselves to the machinations of the lake the lake that supposedly gives us life but damn if i havent seen more people taken by the lake than people fed full for life by that same damn place.,Marco_770,passionate botanist from a quiet monastery in Tibet in a time before recorded history,botanist,passionate,a quiet monastery in Tibet,a time before recorded history,negative
Please dont die alone there isnt a chance that these roofs were all made in the same day but hypothetically speaking it is possible but why should we subject ourselves to the machinations of the lake the lake that supposedly gives us life but damn if i havent seen more people taken by the lake than people fed full for life by that same damn place.,Francesco_336,witty musician from a pirate ship in the Caribbean in the year 3000,musician,witty,a pirate ship in the Caribbean,the year 3000,negative
Please dont die alone there isnt a chance that these roofs were all made in the same day but hypothetically speaking it is possible but why should we subject ourselves to the machinations of the lake the lake that supposedly gives us life but damn if i havent seen more people taken by the lake than people fed full for life by that same damn place.,Giulia_821,passionate botanist from a bustling market in Marrakesh in the 18th century,botanist,passionate,a bustling market in Marrakesh,the 18th century,negative
Please dont die alone there isnt a chance that these roofs were all made in the same day but hypothetically speaking it is possible but why should we subject ourselves to the machinations of the lake the lake that supposedly gives us life but damn if i havent seen more people taken by the lake than people fed full for life by that same damn place.,Caterina_744,passionate musician from a remote research outpost in Antarctica in the Industrial Revolution,musician,passionate,a remote research outpost in Antarctica,the Industrial Revolution,negative
Please dont die alone there isnt a chance that these roofs were all made in the same day but hypothetically speaking it is possible but why should we subject ourselves to the machinations of the lake the lake that supposedly gives us life but damn if i havent seen more people taken by the lake than people fed full for life by that same damn place.,Elena_505,enthusiastic artist from a bustling market in Marrakesh in the 18th century,artist,enthusiastic,a bustling market in Marrakesh,the 18th century,negative
Please dont die alone there isnt a chance that these roofs were all made in the same day but hypothetically speaking it is possible but why should we subject ourselves to the machinations of the lake the lake that supposedly gives us life but damn if i havent seen more people taken by the lake than people fed full for life by that same damn place.,Giovanni_307,dreamy philosopher from ancient Rome in the age of discovery,philosopher,dreamy,ancient Rome,the age of discovery,negative
Please dont die alone there isnt a chance that these roofs were all made in the same day but hypothetically speaking it is possible but why should we subject ourselves to the machinations of the lake the lake that supposedly gives us life but damn if i havent seen more people taken by the lake than people fed full for life by that same damn place.,Elena_599,bold botanist from a bustling market in Marrakesh in the Baroque period,botanist,bold,a bustling market in Marrakesh,the Baroque period,negative
I despise cold weather and northerners.,Caterina_985,enthusiastic botanist from a pirate ship in the Caribbean in the dawn of the internet,botanist,enthusiastic,a pirate ship in the Caribbean,the dawn of the internet,negative
I despise cold weather and northerners.,Elena_478,enthusiastic merchant from a futuristic space station in the Renaissance,merchant,enthusiastic,a futuristic space station,the Renaissance,negative
I despise cold weather and northerners.,Luca_530,enthusiastic chef from a quiet monastery in Tibet in the space age,chef,enthusiastic,a quiet monastery in Tibet,the space age,negative
I despise cold weather and northerners.,Giovanni_520,witty musician from a bustling port in ancient Alexandria in the roaring twenties,musician,witty,a bustling port in ancient Alexandria,the roaring twenties,negative
I despise cold weather and northerners.,Caterina_935,passionate scientist from a remote research outpost in Antarctica in the space age,scientist,passionate,a remote research outpost in Antarctica,the space age,negative
I despise cold weather and northerners.,Isabella_841,stoic musician from a medieval castle in Scotland in the Industrial Revolution,musician,stoic,a medieval castle in Scotland,the Industrial Revolution,negative
I despise cold weather and northerners.,Rosa_923,pragmatic philosopher from a futuristic space station in the age of discovery,philosopher,pragmatic,a futuristic space station,the age of discovery,negative
I despise cold weather and northerners.,Antonio_416,enthusiastic merchant from a bustling market in Marrakesh in the year 3000,merchant,enthusiastic,a bustling market in Marrakesh,the year 3000,negative
I despise cold weather and northerners.,Rosa_390,cynical chef from a bustling port in ancient Alexandria in the space age,chef,cynical,a bustling port in ancient Alexandria,the space age,negative
I despise cold weather and northerners.,Elena_580,stoic musician from the court of Louis XIV in the space age,musician,stoic,the court of Louis XIV,the space age,negative
I despise cold weather and northerners.,Isabella_557,melancholy botanist from a hidden village in the Amazon rainforest in a time before recorded history,botanist,melancholy,a hidden village in the Amazon rainforest,a time before recorded history,negative
I despise cold weather and northerners.,Sofia_872,witty chef from a grand opera house in Vienna in the year 3000,chef,witty,a grand opera house in Vienna,the year 3000,negative
I despise cold weather and northerners.,Antonio_126,curious botanist from the court of Louis XIV in a time before recorded history,botanist,curious,the court of Louis XIV,a time before recorded history,negative
I despise cold weather and northerners.,Pietro_642,stoic botanist from a quiet monastery in Tibet in the age of discovery,botanist,stoic,a quiet monastery in Tibet,the age of discovery,negative
I despise cold weather and northerners.,Caterina_495,observant poet from ancient Rome in the age of discovery,poet,observant,ancient Rome,the age of discovery,negative
I despise cold weather and northerners.,Francesco_749,bold engineer from a grand opera house in Vienna in the space age,engineer,bold,a grand opera house in Vienna,the space age,negative
I despise cold weather and northerners.,Giovanni_816,observant merchant from a quiet monastery in Tibet in the Baroque period,merchant,observant,a quiet monastery in Tibet,the Baroque period,negative
I despise cold weather and northerners.,Luca_648,stoic historian from the court of Louis XIV in the Renaissance,historian,stoic,the court of Louis XIV,the Renaissance,negative
I despise cold weather and northerners.,Elena_106,analytical scientist from a quiet monastery in Tibet in the 18th century,scientist,analytical,a quiet monastery in Tibet,the 18th century,negative
I despise cold weather and northerners.,Isabella_402,melancholy chef from ancient Rome in the Industrial Revolution,chef,melancholy,ancient Rome,the Industrial Revolution,negative
I despise cold weather and northerners.,Elena_285,curious poet from a vibrant jazz club in 1920s New York in the Baroque period,poet,curious,a vibrant jazz club in 1920s New York,the Baroque period,negative
I despise cold weather and northerners.,Sofia_107,witty chef from a quiet monastery in Tibet in the roaring twenties,chef,witty,a quiet monastery in Tibet,the roaring twenties,negative
I despise cold weather and northerners.,Giovanni_834,bold chef from the court of Louis XIV in the Industrial Revolution,chef,bold,the court of Louis XIV,the Industrial Revolution,negative
I despise cold weather and northerners.,Giovanni_377,analytical poet from a vibrant jazz club in 1920s New York in the age of discovery,poet,analytical,a vibrant jazz club in 1920s New York,the age of discovery,negative
I despise cold weather and northerners.,Rosa_408,pragmatic musician from ancient Rome in the Renaissance,musician,pragmatic,ancient Rome,the Renaissance,negative
HE LONGED FOR A DAY WHEN BOXES WOULD BE MADE OF LIZARDS AGAIN AND NOT THIS PUDGY PLASTIC YUCK.,Sofia_660,bold engineer from a hidden village in the Amazon rainforest in the roaring twenties,engineer,bold,a hidden village in the Amazon rainforest,the roaring twenties,negative
HE LONGED FOR A DAY WHEN BOXES WOULD BE MADE OF LIZARDS AGAIN AND NOT THIS PUDGY PLASTIC YUCK.,Giulia_676,stoic philosopher from a bustling port in ancient Alexandria in the space age,philosopher,stoic,a bustling port in ancient Alexandria,the space age,negative
HE LONGED FOR A DAY WHEN BOXES WOULD BE MADE OF LIZARDS AGAIN AND NOT THIS PUDGY PLASTIC YUCK.,Sofia_846,witty philosopher from a quiet monastery in Tibet in the year 3000,philosopher,witty,a quiet monastery in Tibet,the year 3000,negative
HE LONGED FOR A DAY WHEN BOXES WOULD BE MADE OF LIZARDS AGAIN AND NOT THIS PUDGY PLASTIC YUCK.,Giovanni_157,melancholy botanist from a remote research outpost in Antarctica in the year 3000,botanist,melancholy,a remote research outpost in Antarctica,the year 3000,negative
HE LONGED FOR A DAY WHEN BOXES WOULD BE MADE OF LIZARDS AGAIN AND NOT THIS PUDGY PLASTIC YUCK.,Isabella_101,pragmatic scientist from the court of Louis XIV in the space age,scientist,pragmatic,the court of Louis XIV,the space age,negative
HE LONGED FOR A DAY WHEN BOXES WOULD BE MADE OF LIZARDS AGAIN AND NOT THIS PUDGY PLASTIC YUCK.,Sofia_123,curious poet from a bustling port in ancient Alexandria in the year 3000,poet,curious,a bustling port in ancient Alexandria,the year 3000,negative
HE LONGED FOR A DAY WHEN BOXES WOULD BE MADE OF LIZARDS AGAIN AND NOT THIS PUDGY PLASTIC YUCK.,Francesco_297,stoic poet from a bustling port in ancient Alexandria in a time before recorded history,poet,stoic,a bustling port in ancient Alexandria,a time before recorded history,negative
HE LONGED FOR A DAY WHEN BOXES WOULD BE MADE OF LIZARDS AGAIN AND NOT THIS PUDGY PLASTIC YUCK.,Rosa_989,bold scientist from a remote research outpost in Antarctica in the age of discovery,scientist,bold,a remote research outpost in Antarctica,the age of discovery,negative
HE LONGED FOR A DAY WHEN BOXES WOULD BE MADE OF LIZARDS AGAIN AND NOT THIS PUDGY PLASTIC YUCK.,Francesco_203,bold chef from a remote research outpost in Antarctica in the year 3000,chef,bold,a remote research outpost in Antarctica,the year 3000,negative
HE LONGED FOR A DAY WHEN BOXES WOULD BE MADE OF LIZARDS AGAIN AND NOT THIS PUDGY PLASTIC YUCK.,Rosa_780,melancholy chef from a vibrant jazz club in 1920s New York in the Baroque period,chef,melancholy,a vibrant jazz club in 1920s New York,the Baroque period,negative
HE LONGED FOR A DAY WHEN BOXES WOULD BE MADE OF LIZARDS AGAIN AND NOT THIS PUDGY PLASTIC YUCK.,Francesco_470,passionate poet from a remote research outpost in Antarctica in a time before recorded history,poet,passionate,a remote research outpost in Antarctica,a time before recorded history,negative
HE LONGED FOR A DAY WHEN BOXES WOULD BE MADE OF LIZARDS AGAIN AND NOT THIS PUDGY PLASTIC YUCK.,Giulia_695,pragmatic traveler from a bustling market in Marrakesh in the roaring twenties,traveler,pragmatic,a bustling market in Marrakesh,the roaring twenties,negative
HE LONGED FOR A DAY WHEN BOXES WOULD BE MADE OF LIZARDS AGAIN AND NOT THIS PUDGY PLASTIC YUCK.,Elena_235,stoic chef from a bustling market in Marrakesh in the 18th century,chef,stoic,a bustling market in Marrakesh,the 18th century,negative
HE LONGED FOR A DAY WHEN BOXES WOULD BE MADE OF LIZARDS AGAIN AND NOT THIS PUDGY PLASTIC YUCK.,Rosa_548,stoic strategist from a grand opera house in Vienna in a time before recorded history,strategist,stoic,a grand opera house in Vienna,a time before recorded history,negative
HE LONGED FOR A DAY WHEN BOXES WOULD BE MADE OF LIZARDS AGAIN AND NOT THIS PUDGY PLASTIC YUCK.,Caterina_297,observant artist from a quiet monastery in Tibet in the age of discovery,artist,observant,a quiet monastery in Tibet,the age of discovery,negative
HE LONGED FOR A DAY WHEN BOXES WOULD BE MADE OF LIZARDS AGAIN AND NOT THIS PUDGY PLASTIC YUCK.,Isabella_823,observant historian from a hidden village in the Amazon rainforest in the dawn of the internet,historian,observant,a hidden village in the Amazon rainforest,the dawn of the internet,negative
HE LONGED FOR A DAY WHEN BOXES WOULD BE MADE OF LIZARDS AGAIN AND NOT THIS PUDGY PLASTIC YUCK.,Pietro_575,bold merchant from the court of Louis XIV in the age of discovery,merchant,bold,the court of Louis XIV,the age of discovery,negative
HE LONGED FOR A DAY WHEN BOXES WOULD BE MADE OF LIZARDS AGAIN AND NOT THIS PUDGY PLASTIC YUCK.,Giovanni_820,cynical traveler from a grand opera house in Vienna in the roaring twenties,traveler,cynical,a grand opera house in Vienna,the roaring twenties,negative
HE LONGED FOR A DAY WHEN BOXES WOULD BE MADE OF LIZARDS AGAIN AND NOT THIS PUDGY PLASTIC YUCK.,Sofia_884,observant merchant from a hidden village in the Amazon rainforest in a time before recorded history,merchant,observant,a hidden village in the Amazon rainforest,a time before recorded history,negative
HE LONGED FOR A DAY WHEN BOXES WOULD BE MADE OF LIZARDS AGAIN AND NOT THIS PUDGY PLASTIC YUCK.,Francesco_333,stoic scientist from the court of Louis XIV in the medieval era,scientist,stoic,the court of Louis XIV,the medieval era,negative
HE LONGED FOR A DAY WHEN BOXES WOULD BE MADE OF LIZARDS AGAIN AND NOT THIS PUDGY PLASTIC YUCK.,Giovanni_771,bold scientist from a grand opera house in Vienna in the year 3000,scientist,bold,a grand opera house in Vienna,the year 3000,negative
HE LONGED FOR A DAY WHEN BOXES WOULD BE MADE OF LIZARDS AGAIN AND NOT THIS PUDGY PLASTIC YUCK.,Francesco_107,observant poet from a vibrant jazz club in 1920s New York in the Victorian era,poet,observant,a vibrant jazz club in 1920s New York,the Victorian era,negative
HE LONGED FOR A DAY WHEN BOXES WOULD BE MADE OF LIZARDS AGAIN AND NOT THIS PUDGY PLASTIC YUCK.,Caterina_425,analytical merchant from a futuristic space station in the Baroque period,merchant,analytical,a futuristic space station,the Baroque period,negative
HE LONGED FOR A DAY WHEN BOXES WOULD BE MADE OF LIZARDS AGAIN AND NOT THIS PUDGY PLASTIC YUCK.,Isabella_352,bold chef from a bustling market in Marrakesh in the dawn of the internet,chef,bold,a bustling market in Marrakesh,the dawn of the internet,negative
HE LONGED FOR A DAY WHEN BOXES WOULD BE MADE OF LIZARDS AGAIN AND NOT THIS PUDGY PLASTIC YUCK.,Giulia_924,dreamy engineer from a bustling port in ancient Alexandria in the space age,engineer,dreamy,a bustling port in ancient Alexandria,the space age,negative
